retailer.id,retailer.name,retailer.slug,retailer.logo
44,ACME Markets,acme-markets,https://d2lnr5mha7bycj.cloudfront.net/warehouse/logo/44/3638507f-95c3-4ccb-9609-38d229d0ea83.png
233,Albertsons,albertsons,https://d2lnr5mha7bycj.cloudfront.net/warehouse/logo/233/ed09eb51-5e21-4891-8f17-ee49b3407ee5.png
447,Albertsons Market,albertsons-market,https://d2lnr5mha7bycj.cloudfront.net/warehouse/logo/447/3fd3c1d9-80ba-489a-b117-1684e5d9a0c7.png
225,Andronico's Community Markets,andronicos-community-markets,https://d2lnr5mha7bycj.cloudfront.net/warehouse/logo/225/f41c9d9e-e89f-41cc-b59d-d2b576c1a2cb.png
209,Bashas',bashas,https://d2lnr5mha7bycj.cloudfront.net/warehouse/logo/209/005a934d-95ce-4b0a-9523-a204da0dbadf.png
9,Berkeley Bowl,berkeley-bowl,https://d2lnr5mha7bycj.cloudfront.net/warehouse/logo/9/c0aa3fa0-7a4c-4e3c-9cc0-f4087d7499d1.png
432,Bianchini's Market Portola Valley,bianchinis,https://d2lnr5mha7bycj.cloudfront.net/warehouse/logo/432/8efd7c8a-d319-4af9-a434-97999ee3e165.png
41,Bianchini's Market San Carlos,bianchini,https://d2lnr5mha7bycj.cloudfront.net/warehouse/logo/41/0b2057b9-451c-4e78-8d29-094578865e5a.png
241,Big Y World Class Market,big-y,https://d2lnr5mha7bycj.cloudfront.net/warehouse/logo/241/43193e0a-f0f1-4a7f-b15f-e3cf09bb90cd.png
481,Billy's Marketplace,billys-marketplace,https://d2lnr5mha7bycj.cloudfront.net/warehouse/logo/481/4d52290c-8c55-410d-b116-69a7b9d19686.png
471,Brooklyn Harvest,brooklyn-harvest,https://d2lnr5mha7bycj.cloudfront.net/warehouse/logo/471/34ad5fae-a394-4727-96ba-5cd6ee9f71bd.png
421,Brooklyn Market,brooklyn-market,https://d2lnr5mha7bycj.cloudfront.net/warehouse/logo/421/2e83ede5-2d2e-4fd0-8156-53e564cc7ee1.png
430,Brookshire's,brookshires,https://d2lnr5mha7bycj.cloudfront.net/warehouse/logo/430/39c81389-1ae5-460b-b302-7dee89b64ba7.png
437,Carrs,carrs-quality-center,https://d2lnr5mha7bycj.cloudfront.net/warehouse/logo/437/90d5c54e-40af-4a47-98f9-ba642cd485ba.png
426,Cash Saver,cash-saver,https://d2lnr5mha7bycj.cloudfront.net/warehouse/logo/426/0cf6e2da-0339-416a-83b5-491ba4debcb4.png
49,Central Market,central-market,https://d2lnr5mha7bycj.cloudfront.net/warehouse/logo/49/405af463-2e1e-4eb6-a9e9-4fccedee2da9.png
500,City  Market,city-market-us,https://d2lnr5mha7bycj.cloudfront.net/warehouse/logo/500/a6e354f1-d8e3-4da3-ab9a-ceed30db3e62.png
466,Copps,copps,https://d2lnr5mha7bycj.cloudfront.net/warehouse/logo/466/e3f9d6c8-4c3e-44b8-936b-ae8bd41d86d7.png
276,Cosentino's Market,cosentinos-market,https://d2lnr5mha7bycj.cloudfront.net/warehouse/logo/276/8bd056f1-d0a5-4412-a8c8-294e4c2eae67.png
496,Country Mart,country-mart,https://d2lnr5mha7bycj.cloudfront.net/warehouse/logo/496/23462b52-6aa3-44c5-b518-f16bb0e3696d.png
482,Ctown Supermarkets,ctown-supermarkets,https://d2lnr5mha7bycj.cloudfront.net/warehouse/logo/482/autogenerated_7e74fe2c-34f0-447b-bc17-dff6981a4dd0.png
142,Cub,cub,https://d2lnr5mha7bycj.cloudfront.net/warehouse/logo/142/2567b473-d7f9-4928-bad2-2152fadb0877.png
118,CVS Pharmacy®,cvs,https://d2lnr5mha7bycj.cloudfront.net/warehouse/logo/118/04f5545b-f33b-49e6-9c84-24cbd3f899bc.png
254,D'Agostino,dagnyc,https://d2lnr5mha7bycj.cloudfront.net/warehouse/logo/254/3663c906-4a01-4cf0-9465-7f7e2b2578fd.png
365,D&W Fresh Market,d-w-fresh-market,https://d2lnr5mha7bycj.cloudfront.net/warehouse/logo/365/f80198d3-a7d6-4ff8-9a42-6b66cc1ab864.jpg
489,Dan's Supermarket,dans-supermarket,https://d2lnr5mha7bycj.cloudfront.net/warehouse/logo/489/622ec1a2-7e09-425c-b0f3-4c4ced2b9262.png
269,Dave's Markets,daves-markets,https://d2lnr5mha7bycj.cloudfront.net/warehouse/logo/269/556b4f86-dfc4-4b87-ae9b-05b5e432243b.png
315,Dave's Mercado,daves-mercado,https://d2lnr5mha7bycj.cloudfront.net/warehouse/logo/315/4fa8bf33-556d-4e1c-aa28-afe682e7eaec.png
474,DeCicco & Sons,deciccos,https://d2lnr5mha7bycj.cloudfront.net/warehouse/logo/474/9e6bd2ce-4527-4f77-ae90-899493d5cf96.jpg
287,Dillons,dillons,https://d2lnr5mha7bycj.cloudfront.net/warehouse/logo/287/3487908a-9bac-4272-a59a-255e4f90c9bd.png
28,DNU Food 4 Less,food-4-less,https://d2lnr5mha7bycj.cloudfront.net/warehouse/logo/28/44ddcbe5-b1c0-410f-9674-6187fcb2879d.png
236,DO NOT USE - Shaw's,shaws,https://d2lnr5mha7bycj.cloudfront.net/warehouse/logo/236/13ac753e-79d0-415f-80db-cb10d6bdfb04.png
11,DO NOT USE - Star Market,star-market,https://d2lnr5mha7bycj.cloudfront.net/warehouse/logo/11/5ed2c5d5-026f-4850-bb62-98f2d2006ccc.png
495,Econofoods,econofoods,https://d2lnr5mha7bycj.cloudfront.net/warehouse/logo/495/7f2a770e-9d54-4977-b4a8-a73c4d5c026d.png
483,El Super,el-super,https://d2lnr5mha7bycj.cloudfront.net/warehouse/logo/483/75b4789a-b10b-4224-abd4-4f3bfeb04edd.png
232,Fairplay Foods,fairplay-foods,https://d2lnr5mha7bycj.cloudfront.net/warehouse/logo/232/c922489f-a4f7-4831-a186-9c6c2973f24c.png
53,Fairway Market,fairway-market,https://d2lnr5mha7bycj.cloudfront.net/warehouse/logo/53/a21060c5-571b-439f-b308-296c8f5a7e93.png
54,Falletti Foods,falletti-foods,https://d2lnr5mha7bycj.cloudfront.net/warehouse/logo/54/8b5ef3fe-f238-4e75-8369-9be1c6ad538e.png
364,Family Fare Supermarkets,family-fare-supermarkets,https://d2lnr5mha7bycj.cloudfront.net/warehouse/logo/364/7aa768a8-c312-4513-9e95-597864fea769.png
494,Family Fresh Market,family-fresh-market,https://d2lnr5mha7bycj.cloudfront.net/warehouse/logo/494/6f904b3f-51ce-4f82-a452-ff2779e87d46.png
419,Food 4 Less,food4less,https://d2lnr5mha7bycj.cloudfront.net/warehouse/logo/419/de8e11b6-cb12-42a2-a444-27172c1cd40e.png
270,Food City,food-city,https://d2lnr5mha7bycj.cloudfront.net/warehouse/logo/270/b661b894-ccd9-4204-9afa-05be4efac615.png
107,Food Dynasty,food-dynasty,https://d2lnr5mha7bycj.cloudfront.net/warehouse/logo/107/c1585f16-7a05-47cb-acec-88dd63981048.png
312,Food King,food-king,https://d2lnr5mha7bycj.cloudfront.net/warehouse/logo/312/8d75d68a-cbdf-46b8-bf58-fb15ffb024ca.png
133,Food Lion,food-lion,https://d2lnr5mha7bycj.cloudfront.net/warehouse/logo/133/797e4d4c-4e74-4c2a-bde3-b525e71c4302.png
151,Food Universe,food-universe,https://d2lnr5mha7bycj.cloudfront.net/warehouse/logo/151/6d52742f-c20c-404e-abb7-67935cc428d3.png
309,Foodland,foodland,https://d2lnr5mha7bycj.cloudfront.net/warehouse/logo/309/0489884b-c720-44d9-868c-130508a1a31a.png
465,FoodsCo,foodsco,https://d2lnr5mha7bycj.cloudfront.net/warehouse/logo/465/60faaadf-9a28-4a9c-98d4-a9c98fdd6134.png
463,Foodtown,foodtown,https://d2lnr5mha7bycj.cloudfront.net/warehouse/logo/463/8a2c28c3-6e99-4f82-8f82-e32f15bcc9dd.png
475,Forest Hills,forest-hills,https://d2lnr5mha7bycj.cloudfront.net/warehouse/logo/475/cf2d7b03-6f30-492a-9a3e-fbce6163da20.jpg
200,Fred Meyer,fred-meyer,https://d2lnr5mha7bycj.cloudfront.net/warehouse/logo/200/b31dec9c-67ce-4f28-8bec-13bb5516804f.png
274,Fresco Community Market,fresco-community-market,https://d2lnr5mha7bycj.cloudfront.net/warehouse/logo/274/692f142a-dbff-48c9-a2d0-3a7317d131fa.png
416,Fresh Acres Market,fresh-acres-market,https://d2lnr5mha7bycj.cloudfront.net/warehouse/logo/416/9d7394f4-cc0e-4e33-b97b-ad2194644e53.png
459,FRESH by Brookshire's,fresh-by-brookshires,https://d2lnr5mha7bycj.cloudfront.net/warehouse/logo/459/8f9796e6-d7be-414c-a86e-ee29320dc8d8.png
473,Freshco,freshco,https://d2lnr5mha7bycj.cloudfront.net/warehouse/logo/473/23544820-3861-4297-b101-58f90e916ec4.png
201,Fry's,frys,https://d2lnr5mha7bycj.cloudfront.net/warehouse/logo/201/5a8fcc51-8e77-455a-8aba-c04f4dd455d4.png
162,Gala Fresh,gala-fresh,https://d2lnr5mha7bycj.cloudfront.net/warehouse/logo/162/0f5c96be-4126-4596-b0e4-8004a04f6e8d.png
63,Gelson's,gelsons,https://d2lnr5mha7bycj.cloudfront.net/warehouse/logo/63/663af79d-8554-408b-8bb4-7372c974757a.png
281,Gene's Fine Foods,genes-fine-foods,https://d2lnr5mha7bycj.cloudfront.net/warehouse/logo/281/f2ebe73b-4fba-4a02-a2c8-057384f65b0e.png
488,Gerbes,gerbes,https://d2lnr5mha7bycj.cloudfront.net/warehouse/logo/488/daf28cce-d0fb-4bb3-af47-a254a8bd23e5.png
159,Giant Food,giant,https://d2lnr5mha7bycj.cloudfront.net/warehouse/logo/159/30be17e8-9509-4032-9d4c-92262050cbaf.png
243,Giant Food Stores,giant-food-stores,https://d2lnr5mha7bycj.cloudfront.net/warehouse/logo/243/a80cd095-b1cc-4649-a6cb-f088f89224e1.jpg
156,Good Grocer,good-grocer,https://d2lnr5mha7bycj.cloudfront.net/warehouse/logo/156/18b7e029-d255-4081-9b5f-e4d71e625798.png
273,Graul's Market,grauls-market,https://d2lnr5mha7bycj.cloudfront.net/warehouse/logo/273/baa2fe37-8fa2-48f9-ad6e-cf358211e1d3.png
256,Green Valley Marketplace of Sunnyside,green-valley-marketplace-of-sunnyside,https://d2lnr5mha7bycj.cloudfront.net/warehouse/logo/256/75d9cd2d-8f2d-4271-9f18-ff294d97f4f5.png
265,Greer's,greers,https://d2lnr5mha7bycj.cloudfront.net/warehouse/logo/265/cf3fca93-3f97-4c6d-b5b9-f860af158e41.png
180,Gus's Community Market,gussmarket,https://d2lnr5mha7bycj.cloudfront.net/warehouse/logo/180/485ab8a3-eadb-480e-9936-ca19c5777f10.png
45,H-E-B,h-e-b,https://d2lnr5mha7bycj.cloudfront.net/warehouse/logo/45/d10d0f4b-1fca-4b84-bc19-bbf492c040da.png
289,Hannaford,hannaford,https://d2lnr5mha7bycj.cloudfront.net/warehouse/logo/289/fce4ae81-9346-4090-9ed2-1ee7262991f2.png
490,Harps Food Store,harps-food-store,https://d2lnr5mha7bycj.cloudfront.net/warehouse/logo/490/531bcda8-09c2-47ce-9ce3-5b6012834703.png
14,Harris Teeter,harris-teeter,https://d2lnr5mha7bycj.cloudfront.net/warehouse/logo/14/fd5781bf-ac02-401e-8561-3f253731452d.png
255,Harrison Market,harrison-market,https://d2lnr5mha7bycj.cloudfront.net/warehouse/logo/255/8e555c07-5244-4094-876e-85861f42e7a9.png
43,Harvest Co-op,harvest-co-op,https://d2lnr5mha7bycj.cloudfront.net/warehouse/logo/43/7703323c-8b4b-400a-bd39-b503ebf157f6.png
266,Heinen's,heinens,https://d2lnr5mha7bycj.cloudfront.net/warehouse/logo/266/089e309c-23e1-43b9-8d06-94fef3eb3c16.jpg
444,Hen House,hen-house,https://d2lnr5mha7bycj.cloudfront.net/warehouse/logo/444/63ab51bb-adf2-4212-a7ff-0fff98b8322d.png
119,HMart,hmart,https://d2lnr5mha7bycj.cloudfront.net/warehouse/logo/119/8516e075-bd96-44f9-b2f8-7e6d129848f5.png
359,Holiday Farms,holiday-farms,https://d2lnr5mha7bycj.cloudfront.net/warehouse/logo/359/412e6451-4cb6-4ddf-b0de-177431d88b2e.png
262,Homeland,homeland,https://d2lnr5mha7bycj.cloudfront.net/warehouse/logo/262/e1b8fa70-e22c-4451-a49b-ea345db25374.png
376,Hornbacher's,hornbachers,https://d2lnr5mha7bycj.cloudfront.net/warehouse/logo/376/06778799-9e10-482a-886e-43de0fb4fdfe.png
457,Hy-Vee,hy-vee,https://d2lnr5mha7bycj.cloudfront.net/warehouse/logo/457/87419e93-2e92-4c73-8d48-2fc0c2cd390c.png
10,Jewel-Osco,jewel-osco,https://d2lnr5mha7bycj.cloudfront.net/warehouse/logo/10/bc6582db-d099-428b-999d-49a740888481.png
39,Key Food,key-food,https://d2lnr5mha7bycj.cloudfront.net/warehouse/logo/39/0d4e9ee3-1686-4711-8da3-b6f26da6019f.png
206,Key Food Marketplace,key-food-marketplace,https://d2lnr5mha7bycj.cloudfront.net/warehouse/logo/206/6aa7cd9c-74ec-40f0-994a-66071e27f363.png
250,Key Food Urban Marketplace,key-food-park-slope,https://d2lnr5mha7bycj.cloudfront.net/warehouse/logo/250/fdcc6635-cadb-4a8d-ab03-fddac7876ac4.png
109,Key Fresh & Natural,key-fresh-natural,https://d2lnr5mha7bycj.cloudfront.net/warehouse/logo/109/92bd7ec5-1038-4738-9a40-6194af61a988.png
56,King Soopers,king-soopers,https://d2lnr5mha7bycj.cloudfront.net/warehouse/logo/56/f74bf835-c026-4719-bfe3-4c3f598d3087.png
240,Kings Food Markets,kings-food-markets,https://d2lnr5mha7bycj.cloudfront.net/warehouse/logo/240/3969a484-e7e5-4698-a45f-4aee4020153f.png
58,Kroger,kroger,https://d2lnr5mha7bycj.cloudfront.net/warehouse/logo/58/bc25fc5b-fb60-4c10-a871-ce427c1d7e78.png
363,Locust Valley Market,locust-valley-market,https://d2lnr5mha7bycj.cloudfront.net/warehouse/logo/363/e1fe684d-e12d-4bb0-97b1-d46c886c1f19.png
373,Lowe's Corner Market,lowes-corner-market,https://d2lnr5mha7bycj.cloudfront.net/warehouse/logo/373/3a6018b1-6804-404b-89cd-8bbe35f3389e.png
310,Lowe's Market,lowes-market,https://d2lnr5mha7bycj.cloudfront.net/warehouse/logo/310/c002bc4b-764b-459e-8bde-e4068ccc85d0.png
372,Lowe's Mercado,lowes-mercado,https://d2lnr5mha7bycj.cloudfront.net/warehouse/logo/372/2edd606c-271d-4573-98a1-5f11acd05c0b.png
246,Lowes Foods,lowes,https://d2lnr5mha7bycj.cloudfront.net/warehouse/logo/246/62c95c4e-90b1-4e94-b3e3-49ec806ee5ad.png
356,Lucky,lucky,https://d2lnr5mha7bycj.cloudfront.net/warehouse/logo/356/fd88b60d-62eb-446d-b533-1c02a09d066f.png
261,Lunardi’s Markets,lunardis-markets,https://d2lnr5mha7bycj.cloudfront.net/warehouse/logo/261/70ee9bff-e6d9-4a75-913d-8f58a1531f8f.png
485,Manning's Piggly Wiggly,mannings-piggly-wiggly,https://d2lnr5mha7bycj.cloudfront.net/warehouse/logo/485/autogenerated_98e2286c-9abd-49c4-aa4e-81ed024696d6.png
360,Manor Market,manor-market,https://d2lnr5mha7bycj.cloudfront.net/warehouse/logo/360/5950d6e9-2fe3-4de1-9bcb-1af01e62a453.png
7,Mariano's,marianos,https://d2lnr5mha7bycj.cloudfront.net/warehouse/logo/7/cf1e5d97-2c12-4adf-aafd-bdf944c6e654.png
316,Market 32,market-32,https://d2lnr5mha7bycj.cloudfront.net/warehouse/logo/316/830a9d15-7162-4c45-9e07-ae84b69a8369.png
13,Market Basket,market-basket,https://d2lnr5mha7bycj.cloudfront.net/warehouse/logo/13/105d5590-dd79-4d68-8c17-7ba6d3b8e9c4.png
418,Market Bistro,market-bistro,https://d2lnr5mha7bycj.cloudfront.net/warehouse/logo/418/da3f2381-8556-46f5-9211-3875ce654331.jpg
438,Market Street,market-street,https://d2lnr5mha7bycj.cloudfront.net/warehouse/logo/438/1b142eb6-40eb-40ba-9334-ccd90b424f81.png
358,Marketplace,marketplace,https://d2lnr5mha7bycj.cloudfront.net/warehouse/logo/358/0408db14-a393-44d1-a347-ce284e72025b.png
427,Mattituck Marketplace,mattituck-marketplace,https://d2lnr5mha7bycj.cloudfront.net/warehouse/logo/427/d5074c51-08d5-484e-83fc-a367dbad31ae.png
238,Meijer,meijer,https://d2lnr5mha7bycj.cloudfront.net/warehouse/logo/238/5055a36a-bb22-4dfe-b66b-a324cc7967ca.png
127,Metro Market,metro-market,https://d2lnr5mha7bycj.cloudfront.net/warehouse/logo/127/e3a11981-f03c-4573-a088-e8dc2b4b1e7b.png
257,Metropolitan Market,metropolitan-market,https://d2lnr5mha7bycj.cloudfront.net/warehouse/logo/257/fc9c02ff-46bd-4054-9556-46044113415e.png
196,Milam's Markets,milams,https://d2lnr5mha7bycj.cloudfront.net/warehouse/logo/196/1895df58-de59-41c2-ad4b-20f117331262.png
115,Mollie Stone's Markets,mollie-stones,https://d2lnr5mha7bycj.cloudfront.net/warehouse/logo/115/9617cce6-ddc3-4f24-a705-d92b7c95e886.jpg
497,Morton Williams Supermarket,morton-williams-supermarket,https://d2lnr5mha7bycj.cloudfront.net/warehouse/logo/497/ec17269e-5970-4536-bdaf-96f4233a26b4.png
308,New Seasons Market,new-seasons-market,https://d2lnr5mha7bycj.cloudfront.net/warehouse/logo/308/15ab830a-3dcf-408e-be97-95ab92ed2067.png
413,O Organics Market,o-organics,https://d2lnr5mha7bycj.cloudfront.net/warehouse/logo/413/5c5f532d-2896-4f92-a654-1dfd4eecef2e.png
355,Pak N Save,pak-n-save,https://d2lnr5mha7bycj.cloudfront.net/warehouse/logo/355/autogenerated_8f6c122b-0af9-4e97-b51e-e72e1ad58102.png
37,Pavilions,pavilions,https://d2lnr5mha7bycj.cloudfront.net/warehouse/logo/37/35685aa8-8724-4f7b-bafc-0e265d7aaf74.png
135,Pete's Fresh Market,petes-fresh-market,https://d2lnr5mha7bycj.cloudfront.net/warehouse/logo/135/53c1db96-3b00-4248-b424-4a8c90f61980.png
263,Piazza's Fine Foods,piazzas-fine-foods,https://d2lnr5mha7bycj.cloudfront.net/warehouse/logo/263/9660d50a-7905-49a4-b76e-53611d1567ef.png
128,Pick 'n Save,pick-n-save,https://d2lnr5mha7bycj.cloudfront.net/warehouse/logo/128/59adefc9-4cee-4a2b-975f-8782ef69c88a.png
68,Piggly Wiggly,shopthepig,https://d2lnr5mha7bycj.cloudfront.net/warehouse/logo/68/bcf4fed5-5501-451a-8d1a-173f0dab2d01.png
434,Piggly Wiggly GA,piggly-wiggly-ga,https://d2lnr5mha7bycj.cloudfront.net/warehouse/logo/434/fce09f9e-50d5-44d3-92a8-d1779b460ed3.png
282,Price  Chopper,price-chopper-ny,https://d2lnr5mha7bycj.cloudfront.net/warehouse/logo/282/0aa75f91-ca2c-402b-a636-031480a52b30.png
275,Price Chopper,price-chopper,https://d2lnr5mha7bycj.cloudfront.net/warehouse/logo/275/a93268cb-3405-41d0-ba37-b44d981b6c45.png
163,Price Rite,pricerite,https://d2lnr5mha7bycj.cloudfront.net/warehouse/logo/163/71eaa7d3-391c-45d2-9c68-bb19c8fe3543.png
57,Publix,publix,https://d2lnr5mha7bycj.cloudfront.net/warehouse/logo/57/29520839-7042-45a0-af82-54f973b4abe5.png
42,QFC,qfc,https://d2lnr5mha7bycj.cloudfront.net/warehouse/logo/42/87b60c2c-b2fa-450c-9d0a-8cc7ee79707d.png
291,Raley's,raleys,https://d2lnr5mha7bycj.cloudfront.net/warehouse/logo/291/63d7cd94-e679-431e-becf-208a02d6dd17.png
38,Ralphs,ralphs,https://d2lnr5mha7bycj.cloudfront.net/warehouse/logo/38/bef2eb95-7375-4547-ab37-21502de090e0.png
300,Ralphs Test,ralphs-test,https://d2lnr5mha7bycj.cloudfront.net/warehouse/logo/300/autogenerated_51ea3b20-617c-4914-9404-6ccf166c6814.png
378,Randalls,randalls,https://d2lnr5mha7bycj.cloudfront.net/warehouse/logo/378/cbff180d-924a-4fd4-8573-fc97acd7ad77.png
278,Reasor's,reasors,https://d2lnr5mha7bycj.cloudfront.net/warehouse/logo/278/e6d4e0f2-1371-4a47-ad71-78b15517e233.jpeg
219,Rego Marketplace,rego-marketplace,https://d2lnr5mha7bycj.cloudfront.net/warehouse/logo/219/fd1b9ee7-5caf-4c33-97db-6b5dd62c4ef3.png
98,Remke Markets,remke-markets,https://d2lnr5mha7bycj.cloudfront.net/warehouse/logo/98/498a7a2f-5e51-49c3-b240-f2028291293b.png
198,Rice Epicurean Markets,rice-epicurean,https://d2lnr5mha7bycj.cloudfront.net/warehouse/logo/198/cdbb2b36-efa2-4f9b-be77-213bdfc66466.png
456,Rite Aid® Pharmacy,rite-aid,https://d2lnr5mha7bycj.cloudfront.net/warehouse/logo/456/49689d3f-cbb9-40ff-8528-a72bb28a18a4.png
267,Rouses Markets,rouses,https://d2lnr5mha7bycj.cloudfront.net/warehouse/logo/267/6c0b4706-6140-4666-848f-40e15373a40e.png
441,Rouses Pickup,rouses-pickup,https://d2lnr5mha7bycj.cloudfront.net/warehouse/logo/441/6a1dec4c-fe70-45e7-b4d2-3d521f2118fc.png
47,Royal Blue Grocery,royal-blue-grocery,https://d2lnr5mha7bycj.cloudfront.net/warehouse/logo/47/883e7d3b-175e-4b1f-905e-0c7c01317e15.png
428,Russ's Market,russs-market,https://d2lnr5mha7bycj.cloudfront.net/warehouse/logo/428/4b4906a9-96d3-45bc-b9c1-d1d31a0ca375.png
498,Sabor Tropical,sabor-tropical,https://d2lnr5mha7bycj.cloudfront.net/warehouse/logo/498/68c903ca-91ec-4624-867b-02f87c6571e4.jpg
1,Safeway,safeway,https://d2lnr5mha7bycj.cloudfront.net/warehouse/logo/1/d2240f3c-34d1-4d25-8653-77213b4bd41c.png
294,Save Mart,savemart,https://d2lnr5mha7bycj.cloudfront.net/warehouse/logo/294/7657b7b7-1d6f-4d94-985e-76e89e8c21aa.png
216,Schnucks,schnucks,https://d2lnr5mha7bycj.cloudfront.net/warehouse/logo/216/9154d284-86de-4383-a73b-5779ace514f0.png
375,Shaw​'s,shaw,https://d2lnr5mha7bycj.cloudfront.net/warehouse/logo/375/3777ff34-ae72-4d11-8569-1ae07316703f.png
217,Shop N Save - DO NOT USE,shop-n-save,https://d2lnr5mha7bycj.cloudfront.net/warehouse/logo/217/478cb697-6bae-4512-876b-3a184d6cd7f3.jpg
213,Shoppers,shoppersfood,https://d2lnr5mha7bycj.cloudfront.net/warehouse/logo/213/6b5a6358-5725-4962-909c-cc8ce4b064a6.png
205,ShopRite,shoprite,https://d2lnr5mha7bycj.cloudfront.net/warehouse/logo/205/3e0e5623-e36a-4d07-9474-c7eac09f8e33.png
105,Smart & Final,smart-final,https://d2lnr5mha7bycj.cloudfront.net/warehouse/logo/105/84a0af5d-8d7b-489c-9f78-7bf849dc4217.png
252,Smith's,smiths,https://d2lnr5mha7bycj.cloudfront.net/warehouse/logo/252/9921fd46-e9b5-4a9c-8598-dea54d037e3d.png
458,Spring Market,spring-market,https://d2lnr5mha7bycj.cloudfront.net/warehouse/logo/458/aad5e11e-fd5b-4d97-b23f-a6bdf9e8d2db.png
94,Standard Market,standard-market,https://d2lnr5mha7bycj.cloudfront.net/warehouse/logo/94/0bc08010-e35b-4736-afe5-b1dcd1e6846f.png
374,Star  Market,star-markets,https://d2lnr5mha7bycj.cloudfront.net/warehouse/logo/374/3c068fa5-0bda-4909-b0a4-41ae8792b93a.png
161,Stater Bros.,stater-bros,https://d2lnr5mha7bycj.cloudfront.net/warehouse/logo/161/6c85a802-ce96-4fb8-872c-a53864943c87.png
235,Stop & Shop,stop-shop,https://d2lnr5mha7bycj.cloudfront.net/warehouse/logo/235/549dd916-7b1b-4266-b0b4-20ff054a7150.png
167,Strack & Van Til,strack-van-til,https://d2lnr5mha7bycj.cloudfront.net/warehouse/logo/167/f1f6b6b1-1955-4ea8-89ad-295a7b1d141f.png
141,Straub's Fine Grocers,straubs,https://d2lnr5mha7bycj.cloudfront.net/warehouse/logo/141/9113d23d-efce-43b8-b262-0b097999f702.png
30,Sunset Foods,sunset-foods,https://d2lnr5mha7bycj.cloudfront.net/warehouse/logo/30/a9f824c5-2dba-4e34-bac0-8103253c5b3a.png
431,Super 1 Foods,super-1-foods,https://d2lnr5mha7bycj.cloudfront.net/warehouse/logo/431/9efceb56-e0f0-4c61-9ec5-c2d1078400d6.png
50,Super King,super-king,https://d2lnr5mha7bycj.cloudfront.net/warehouse/logo/50/bbf82dc9-60dc-4830-ab6e-ddab274dc9c5.png
454,Super Save Cost Plus,super-save-cost-plus,https://d2lnr5mha7bycj.cloudfront.net/warehouse/logo/454/d8adaa30-3a74-4fbb-be10-4f9108da58e4.png
245,SuperFresh,superfresh,https://d2lnr5mha7bycj.cloudfront.net/warehouse/logo/245/56e55b5a-17ef-45aa-91d7-d37ef4f64fd2.png
202,Superfresh Food World,superfresh-food-world,https://d2lnr5mha7bycj.cloudfront.net/warehouse/logo/202/d4c2a1c4-dac4-47cc-927b-6ed9ffc93dc2.png
237,Superior Grocers,superior-grocers,https://d2lnr5mha7bycj.cloudfront.net/warehouse/logo/237/78dd7d06-2bdd-4478-8cc9-02804723ab6c.png
380,SuperLo Foods,superlo-foods,https://d2lnr5mha7bycj.cloudfront.net/warehouse/logo/380/52effd99-8c62-4b4c-9233-0b9ba586f70f.png
429,SuperSaver,supersaver,https://d2lnr5mha7bycj.cloudfront.net/warehouse/logo/429/ea4360fd-f14c-4915-bbfa-a70982f36ee6.png
32,The Food Emporium,the-food-emporium,https://d2lnr5mha7bycj.cloudfront.net/warehouse/logo/32/019eaba7-6fb3-4d1f-bc1b-fa2ed88bbf75.png
469,The Food Emporium Shoppe,the-food-emporium-shoppe,https://d2lnr5mha7bycj.cloudfront.net/warehouse/logo/469/0eda5352-42d4-43b7-9adf-4742630d7e81.png
264,The Fresh Market,the-fresh-market,https://d2lnr5mha7bycj.cloudfront.net/warehouse/logo/264/138d769a-0c57-48ef-bcd6-2ded4c83bd02.jpg
179,The Richmond Shops,the-richmond-shops,https://d2lnr5mha7bycj.cloudfront.net/warehouse/logo/179/c0dee245-b57f-4c29-9b47-dea164964330.jpg
160,The Village Market,the-village-market,https://d2lnr5mha7bycj.cloudfront.net/warehouse/logo/160/285be767-bf29-4d40-9681-4508693a8842.png
182,Tom Thumb,tom-thumb,https://d2lnr5mha7bycj.cloudfront.net/warehouse/logo/182/c9f27e0d-b2e1-499f-b6d8-8bfdb212095a.png
60,Tony's Fresh Market,tonys-fresh-market,https://d2lnr5mha7bycj.cloudfront.net/warehouse/logo/60/6f90327e-7721-4efb-8926-155450712272.png
318,Tops Markets,tops-markets,https://d2lnr5mha7bycj.cloudfront.net/warehouse/logo/318/a88695d8-d341-40ff-ad33-0fa0ab661c5a.png
188,Town and Country,town-and-country,https://d2lnr5mha7bycj.cloudfront.net/warehouse/logo/188/cecb7198-6f23-4282-bc56-36f4bd6da8e6.png
203,Tropical Supermarket,tropical-supermarket,https://d2lnr5mha7bycj.cloudfront.net/warehouse/logo/203/036738c3-0a78-48f4-9719-37b6905952c0.png
172,Ultra Foods,ultra-foods,https://d2lnr5mha7bycj.cloudfront.net/warehouse/logo/172/2a0c52ee-76e3-4827-a923-37ddf5108c1f.png
455,Uncle Giuseppe's Marketplace,giuseppes,https://d2lnr5mha7bycj.cloudfront.net/warehouse/logo/455/1963850c-46f0-4505-8940-515daa122d11.png
313,United Supermarkets,united-supermarkets,https://d2lnr5mha7bycj.cloudfront.net/warehouse/logo/313/48bb8372-afb9-487c-9e68-2623097d9255.png
499,United Supermarkets OK,united-supermarkets-ok,https://d2lnr5mha7bycj.cloudfront.net/warehouse/logo/499/a3641174-8ac4-459b-9a33-3ecb048c3eea.png
284,Urban Market,urban-market,https://d2lnr5mha7bycj.cloudfront.net/warehouse/logo/284/930a5b80-4692-49f8-ab6f-9d54da1ed614.png
211,Van Til's,van-tils,https://d2lnr5mha7bycj.cloudfront.net/warehouse/logo/211/e4949a1c-9dd3-4d87-9d5c-31a4fc29914a.png
288,Vicente Foods,vicente-foods,https://d2lnr5mha7bycj.cloudfront.net/warehouse/logo/288/caafbfa7-642f-46bb-b751-98a8143fefde.png
110,Vitelio's Marketplace,vitelios-marketplace,https://d2lnr5mha7bycj.cloudfront.net/warehouse/logo/110/df717af2-3a4b-45d9-81dd-1fd427d65543.png
290,Vons,vons,https://d2lnr5mha7bycj.cloudfront.net/warehouse/logo/290/9ad20233-36c5-44a9-ae70-3bfe03b7c44d.png
461,Waverly Gourmet Market,waverly-gourmet-market,https://d2lnr5mha7bycj.cloudfront.net/warehouse/logo/461/bad668fe-ada4-444b-afad-23dd6be4392e.png
231,Wegmans,wegmans,https://d2lnr5mha7bycj.cloudfront.net/warehouse/logo/231/6347ea31-64ed-43c4-991b-7433b2d74bda.png
97,Weiland's Market,weilands,https://d2lnr5mha7bycj.cloudfront.net/warehouse/logo/97/da07cf50-013e-4da7-9368-acd86e98e6a3.png
143,Westside Market,westside-market,https://d2lnr5mha7bycj.cloudfront.net/warehouse/logo/143/33699307-9848-4589-bc5e-4ca155bc7236.png
125,Wheatsville Co-op,wheatsville-co-op,https://d2lnr5mha7bycj.cloudfront.net/warehouse/logo/125/a30b67f3-6ac2-42ce-b8fe-47819e3a634d.png
175,Windsor Farms,windsor-farms,https://d2lnr5mha7bycj.cloudfront.net/warehouse/logo/175/ccad485a-46a8-4334-9576-1df8b35590ec.png
371,Winn-Dixie,winn-dixie,https://d2lnr5mha7bycj.cloudfront.net/warehouse/logo/371/a0cae495-bf36-45d0-8c07-60e25d5a4baf.png